{
  "project_info": {
    "project_number": "633473238660",
    "project_id": "smart-chef-e2e04",
    "storage_bucket": "smart-chef-e2e04.firebasestorage.app"
  },
  "client": [
    {
      "client_info": {
        "mobilesdk_app_id": "1:633473238660:android:5017bf5fe38c71bae7a4d1",
        "android_client_info": {
          "package_name": "com.example.smart_chef"
        }
      },
      "oauth_client": [],
      "api_key": [
        {
          "current_key": "AIzaSyCMAXIDFSiWglfbI7GVD_mpadHoLXRJbuo"
        }
      ],
      "services": {
        "appinvite_service": {
          "other_platform_oauth_client": []
        }
      }
    }
  ],
  "configuration_version": "1"
}